domain,mcd_db_mean,mcd_db_std,f0_rmse_cents_mean,f0_rmse_cents_std,f0_rmse_cents_raw_mean,f0_fpe_cents_mean,f0_fpe_cents_std,f0_gpe_mean,n_files
Conversational,6.9025820315627575,1.7612386356036187,490.69594806198467,96.11963449050516,546.0176922680597,169.44933570531708,15.217482195679288,0.5587447518694971,240
Emotional,12.030236075633143,2.6873043735375965,620.2390785520892,181.0199060486097,888.539875108272,178.05320831369457,23.872385762206978,0.7696891337399213,240
Formal,9.122537764370326,1.7850782507470455,476.2133233864949,76.872355399067,520.9755277461106,168.99643041071457,10.934469520772232,0.5371456144688088,240
Literary_storytelling,7.8675665277984494,1.5584799641885265,466.41542347877873,78.27366784667609,521.2353402735985,169.3658279257542,10.782649687096539,0.5506382942545575,240
