domain,mcd_db_mean,mcd_db_std,f0_rmse_cents_mean,f0_rmse_cents_std,n_files
Conversational,486.7592334394697,68.82654945930754,546.0176922680597,114.2532264588118,240
Emotional,695.1139567470252,94.55821886089927,888.539875108272,288.7484526902514,240
Formal,571.9675089613254,78.67371865529147,520.9755277461106,95.67263654654079,240
Literary_storytelling,529.8275520904443,65.78603464517069,521.2353402735985,89.62969535930547,240
